wc;disc
Agricultural Economics & Policy;Economía y Empresariales
Anthropology;Antropología
Area Studies;Ciencias Políticas
Business;Economía y Empresariales
Business, Finance;Economía y Empresariales
Communication;CC de la Información y Documentación
Criminology & Penology;Derecho
Demography;Geografía y Urbanismo
Economics;Economía y Empresariales
Education & Educational Research;Educación
Education, Scientific Disciplines;Educación
Education, Special;Educación
Engineering, Industrial;Ingeniería
Environmental Studies;Geografía y Urbanismo
Ergonomics;Otras CC Sociales
Ethics;Ética
Ethnic Studies;Sociología
Family Studies;Sociología
Geography;Geografía y Urbanismo
Gerontology;Salud Pública
Health Care Sciences & Services;Salud Pública
Health Policy & Services;Salud Pública
History;Historia
History & Philosophy Of Science;Historia
History Of Social Sciences;Historia
Hospitality, Leisure, Sport & Tourism;Otras CC Sociales
Industrial Relations & Labor;Ciencias Políticas
Information Science & Library Science;CC de la Información y Documentación
International Relations;Ciencias Políticas
Law;Derecho
Linguistics;Otras CC Sociales
Management;Economía y Empresariales
Medical Ethics;Salud Pública
Medical Informatics;Otros
Nursing;Salud Pública
Planning & Development;Geografía y Urbanismo
Political Science;Ciencias Políticas
Psychology, Applied;Psicología
Psychology, Biological;Psicología
Psychology, Clinical;Psicología
Psychology, Developmental;Psicología
Psychology, Educational;Psicología
Psychology, Experimental;Psicología
Psychology, Mathematical;Psicología
Psychology, Multidisciplinary;Psicología
Psychology, Psychoanalysis;Psicología
Psychology, Social;Psicología
Public Administration;Ciencias Políticas
Public, Environmental & Occupational Health;Salud Pública
Social Issues;Sociología
Social Sciences, Biomedical;Salud Pública
Social Sciences, Interdisciplinary;Otras CC Sociales
Social Sciences, Mathematical Methods;Otras CC Sociales
Social Work;Sociología
Sociology;Sociología
Transportation;Geografía y Urbanismo
Urban Studies;Geografía y Urbanismo
